SquareFootage,Bedrooms,Bathrooms,YearBuilt,NeighborhoodQuality,DistanceToCenter,Price
,5.0,1.7,1994.0,2.0,2.07,535240.7122951685
2710.28,4.0,4.51,1957.0,1.0,8.4,554468.0354824322
3139.78,6.0,2.9,1944.0,1.0,27.04,572562.3280715104
4096.08,6.0,4.52,1929.0,2.0,43.39,737487.4478461203
4807.4,3.0,2.05,2019.0,2.0,8.97,826687.6993791499
2052.32,4.0,5.21,1929.0,6.0,3.78,607195.9456457623
5888.21,4.0,2.98,1958.0,3.0,28.29,1016649.6922326109
6053.57,7.0,5.99,1963.0,1.0,8.07,1145137.0209372935
6964.57,7.0,5.98,2024.0,1.0,6.17,1268733.3842109756
7633.34,6.0,3.17,2022.0,5.0,38.22,1316879.4006537895
1510.9,4.0,4.81,1999.0,1.0,24.69,326813.73460781306
3948.32,5.0,2.2,1910.0,8.0,48.91,757532.0536964461
1694.72,3.0,5.36,1927.0,4.0,20.25,449287.4340734905
4047.49,8.0,2.12,1975.0,10.0,4.01,978794.296330133
2674.95,6.0,2.19,1927.0,10.0,12.53,721578.7325123046
4367.07,7.0,3.06,1906.0,2.0,36.55,753176.1870613854
1538.06,8.0,1.92,2011.0,8.0,42.87,445306.53319498367
6695.38,1.0,5.63,1921.0,8.0,20.35,1275570.709988929
4100.24,5.0,4.93,1989.0,9.0,24.59,926245.6388671818
2568.16,1.0,1.29,1964.0,9.0,48.06,485659.4444799706
2265.34,4.0,5.71,1974.0,10.0,33.04,686865.7315338233
3505.51,6.0,2.98,1938.0,,31.25,753289.855492702
1449.82,5.0,2.75,1931.0,3.0,27.39,341315.9230703189
9846.61,1.0,3.77,1913.0,3.0,44.54,1487400.277206798
1976.76,4.0,2.02,1933.0,5.0,42.38,386608.2591321223
4523.97,1.0,1.65,1920.0,9.0,28.26,868479.338845648
9477.98,3.0,5.17,1918.0,1.0,45.0,1442832.0963386653
8676.67,4.0,4.33,1971.0,7.0,37.6,1515935.970275185
2749.0,3.0,1.12,1942.0,7.0,43.27,515930.41965121793
3034.65,2.0,1.19,1925.0,8.0,41.12,581262.0937531008
2617.77,7.0,5.32,1935.0,9.0,49.07,672829.9008165591
9422.75,5.0,5.81,1913.0,6.0,16.03,1734306.672767634
5358.52,4.0,,2018.0,4.0,3.96,1001695.5416289311
3636.9,2.0,2.5,1952.0,5.0,10.0,704669.3360656615
4101.88,3.0,2.5,1900.0,4.0,29.21,734990.1736815479
4917.39,4.0,4.97,1994.0,2.0,33.36,828615.8452504347
1387.18,4.0,2.12,1903.0,8.0,38.54,397989.95392507134
8918.3,7.0,2.22,1900.0,2.0,11.33,1473759.9481418033
7111.16,4.0,1.61,1959.0,9.0,47.53,1221361.2092665236
6320.2,7.0,3.74,1995.0,8.0,12.74,1292562.9185380368
7775.23,4.0,1.39,1934.0,9.0,7.97,1466251.4986999312
1951.65,7.0,3.71,1926.0,7.0,29.41,561288.0242178496
8638.95,7.0,5.71,1949.0,7.0,36.86,1577727.7757641764
9029.21,5.0,1.15,1986.0,3.0,46.02,1384804.9445661604
5574.17,1.0,3.14,1923.0,7.0,23.01,997717.6701444886
8856.58,7.0,,1969.0,6.0,3.9,1610989.3368740794
882.45,4.0,1.1,1916.0,2.0,11.29,223587.91843560318
7785.53,2.0,1.82,,5.0,45.45,1238736.3333932837
9443.97,4.0,4.86,1976.0,10.0,17.69,1775879.774343527
4020.42,,3.1,1955.0,8.0,22.06,817437.397669559
9672.0,8.0,5.13,1941.0,2.0,22.81,1659831.259540922
5913.57,,5.25,1927.0,5.0,44.08,1024019.2657937553
,4.0,4.6,1997.0,8.0,24.8,642446.1699954106
1384.01,4.0,3.91,1967.0,9.0,35.29,474106.64433261304
2888.33,4.0,4.71,1988.0,4.0,14.19,660344.4928374393
7721.98,2.0,2.48,,9.0,2.75,1468616.201786743
3275.3,8.0,1.06,1961.0,3.0,13.0,655906.7371516604
1583.83,8.0,4.15,1919.0,5.0,12.79,522566.31436223176
4453.65,4.0,2.9,1938.0,7.0,31.24,872296.4514710534
7530.85,4.0,2.32,1930.0,2.0,20.72,1238500.6769068353
4964.17,5.0,4.51,1987.0,5.0,31.44,933317.8864323207
9369.85,4.0,5.54,1909.0,5.0,41.3,1574592.6153500427
4671.96,5.0,5.71,1963.0,10.0,21.89,1057728.9753899095
2878.5,1.0,4.36,1905.0,3.0,32.75,492781.9006387899
2224.15,8.0,3.35,1941.0,3.0,34.84,503290.38733591296
9479.34,1.0,2.57,2024.0,9.0,0.56,1731964.6004285624
4888.78,6.0,3.49,1906.0,9.0,14.76,1072756.848176295
,4.0,,1952.0,2.0,6.31,531122.9934683804
5234.57,5.0,3.41,1958.0,7.0,30.17,1018300.0403757145
1796.83,7.0,4.94,1900.0,5.0,29.21,501017.70368092315
8719.98,8.0,3.76,1958.0,4.0,12.32,1571657.9340826261
8632.12,6.0,4.53,1949.0,3.0,2.33,1566498.5484969898
6106.71,8.0,,1918.0,3.0,39.19,1042899.1094133507
6420.96,2.0,5.26,1948.0,8.0,2.28,1314973.6548372102
6496.03,4.0,3.17,1981.0,2.0,34.85,1003958.3234386538
936.91,5.0,3.15,1952.0,3.0,4.41,352635.03756562836
6387.25,3.0,4.19,,8.0,34.04,1186073.2060235725
4696.43,5.0,3.12,2008.0,7.0,5.78,995039.389743012
3910.11,,5.15,1901.0,1.0,37.39,648722.9116480325
9077.88,4.0,2.76,1979.0,3.0,45.22,1386408.4662809863
3434.86,6.0,1.45,1995.0,4.0,27.2,649333.9216824373
5543.1,3.0,5.12,2003.0,6.0,23.68,1063181.6885726762
7664.44,7.0,5.02,2001.0,5.0,23.01,1433204.4106711228
6887.24,6.0,,2013.0,6.0,11.46,1280931.9467258954
8326.63,5.0,1.58,1904.0,8.0,12.12,1507107.095956602
4192.14,7.0,4.63,1983.0,8.0,46.98,877954.644346232
7057.67,8.0,5.28,1987.0,6.0,14.16,1405501.531765531
9515.6,2.0,4.21,1902.0,6.0,6.73,1676281.2666448953
1151.8,4.0,5.07,1999.0,,42.99,372253.5969434944
1734.93,3.0,5.33,1945.0,4.0,1.28,515698.51149670035
1704.21,2.0,3.38,1965.0,8.0,47.3,412787.66324022063
7940.66,5.0,5.82,1961.0,7.0,24.77,1497718.6748579934
1198.16,3.0,2.38,1970.0,7.0,26.76,356513.2035918397
6251.55,2.0,4.25,1992.0,7.0,11.81,1187387.5678010334
4808.24,2.0,2.56,2022.0,8.0,41.67,871544.3777030177
1417.36,3.0,3.93,1942.0,7.0,33.43,388961.27577801823
8746.88,5.0,2.76,1927.0,8.0,5.86,1629093.8041559684
3991.83,4.0,5.23,2004.0,,46.49,802820.3290826983
3040.75,5.0,2.76,1918.0,7.0,37.18,649849.201849637
1371.7,7.0,2.7,1992.0,10.0,44.23,478546.1929993728
7667.14,2.0,4.31,1956.0,4.0,6.13,1326650.4388692437
3190.84,8.0,2.54,2026.0,1.0,47.29,526246.3201585197
7759.53,,4.74,1948.0,4.0,41.75,1273338.7822520984
1184.72,1.0,3.3,1940.0,10.0,32.19,400103.84096167574
4347.81,3.0,4.09,2017.0,7.0,12.54,913932.21432501
5477.64,5.0,2.11,1909.0,2.0,10.1,964606.7628522181
3835.45,3.0,1.73,1977.0,2.0,38.76,616930.2885181579
7667.24,8.0,5.41,2026.0,6.0,3.88,1519264.6671924775
3376.79,1.0,1.37,1904.0,5.0,43.28,547941.7558608415
6342.58,8.0,5.77,1905.0,10.0,16.42,1386410.3112635075
1933.18,2.0,5.19,1910.0,3.0,35.53,363405.43177051435
5478.65,6.0,2.41,1943.0,1.0,32.54,886979.7918682618
1397.81,5.0,5.26,1977.0,6.0,33.35,440724.9531491154
3447.2,7.0,4.54,1971.0,6.0,33.67,798818.6316872793
7518.36,2.0,3.12,1946.0,4.0,38.42,1202008.5855282831
9999.78,5.0,1.51,2006.0,9.0,17.17,1783180.2101350043
1744.97,3.0,4.46,2015.0,8.0,18.53,539834.8234544214
9711.09,8.0,2.2,2000.0,4.0,47.38,1560993.329435707
4885.96,7.0,3.09,1925.0,3.0,3.08,982596.3422177254
4026.52,2.0,4.82,2015.0,7.0,45.57,779946.9954903016
8903.98,7.0,3.51,1910.0,1.0,5.4,1531462.4792056456
3685.26,1.0,5.15,1917.0,8.0,0.76,854868.188178079
2931.28,7.0,2.44,1906.0,10.0,5.99,846563.9146640415
,4.0,,1945.0,7.0,33.58,538232.2340581157
3925.74,1.0,3.35,2025.0,1.0,3.84,693143.8564070041
6742.49,6.0,2.76,1982.0,8.0,24.19,1316860.3343871497
1781.1,8.0,2.01,2013.0,5.0,49.46,389126.95512303966
2906.48,4.0,5.31,1983.0,2.0,22.13,577287.5340559584
4677.5,6.0,3.48,2018.0,5.0,36.49,878249.7704763146
6223.31,5.0,1.4,1939.0,7.0,22.47,1136534.365188257
7404.74,7.0,5.9,1909.0,7.0,40.15,1365001.048534008
9551.5,8.0,1.34,1946.0,10.0,8.1,1806253.4446220903
4024.16,2.0,3.65,1983.0,,9.71,836559.4442941084
9178.65,5.0,2.07,1988.0,8.0,7.22,1678641.3864595278
2140.24,2.0,5.84,1985.0,2.0,14.87,459434.6364864929
1996.3,3.0,3.54,1925.0,4.0,1.8,533094.016075263
4004.66,3.0,1.43,1991.0,9.0,20.77,825240.2006149564
1690.6,2.0,4.4,2012.0,9.0,9.51,563229.0772569148
4609.87,1.0,3.59,1920.0,4.0,47.07,749273.2582605451
8536.37,5.0,2.51,1964.0,10.0,8.13,1612802.5352534908
7346.01,1.0,1.14,1982.0,5.0,38.46,1152733.399019062
6570.42,5.0,2.51,2003.0,5.0,34.59,1151600.1413142364
4448.41,6.0,2.56,1993.0,6.0,6.97,913439.2514815816
5835.69,8.0,3.25,1906.0,7.0,21.2,1174523.0078779845
9071.95,6.0,1.8,1959.0,5.0,4.96,1600810.7419137263
4843.69,6.0,2.41,2007.0,8.0,0.9,1073780.8430766596
1772.38,6.0,2.83,1972.0,6.0,4.14,531482.7393368288
7761.84,2.0,1.48,2026.0,6.0,10.35,1323019.150803736
5250.74,3.0,5.02,1919.0,9.0,46.6,1026040.1234842534
4233.07,5.0,3.54,1962.0,5.0,1.32,906255.2700984977
1541.24,5.0,4.63,1903.0,5.0,39.25,409793.39275518816
5987.53,8.0,4.15,2007.0,4.0,47.44,1064006.2231424546
679.9,3.0,2.02,1978.0,1.0,26.17,123674.62917632263
9982.17,7.0,1.87,1943.0,5.0,10.02,1738149.305457415
5801.82,5.0,4.52,1962.0,6.0,46.76,1049789.0870994802
3234.0,7.0,2.97,1998.0,5.0,47.79,620414.7287296045
9278.09,8.0,5.14,1971.0,3.0,37.17,1605990.1176671714
982.27,4.0,1.26,1991.0,,27.74,331427.9938136768
4365.62,8.0,2.0,1941.0,1.0,4.93,807183.4475419603
5583.95,1.0,1.88,1922.0,1.0,20.15,864590.8041295074
9397.78,5.0,1.05,1913.0,6.0,49.46,1492666.7749465902
5192.17,8.0,5.04,1993.0,5.0,1.2,1132831.7690561367
3302.73,4.0,5.28,2005.0,6.0,33.63,727498.4336851111
1835.81,,2.92,1934.0,5.0,28.86,404881.26522472437
3915.74,2.0,1.8,2018.0,5.0,32.12,696451.6419386648
3991.67,3.0,3.27,1947.0,9.0,37.99,826372.2139040475
8343.23,2.0,3.64,2017.0,1.0,45.19,1256045.4023999174
5598.27,8.0,2.03,1911.0,8.0,22.94,1159972.3947398092
4839.59,8.0,,1932.0,4.0,2.74,984037.678259957
1105.72,2.0,3.36,1923.0,7.0,44.62,292891.95753463765
9212.59,2.0,4.31,1983.0,2.0,27.09,1453475.783555617
7414.65,1.0,5.89,1992.0,9.0,11.87,1422150.3457255184
1973.65,2.0,4.3,2019.0,1.0,3.83,424400.97435878846
4741.19,1.0,1.22,1969.0,1.0,49.68,631655.7796222495
9205.77,6.0,5.38,1966.0,5.0,28.06,1623435.8619899503
7484.52,7.0,1.23,1982.0,9.0,21.11,1426355.7487355403
4076.37,8.0,2.13,1918.0,1.0,48.41,654020.5283781686
1773.88,4.0,1.4,1947.0,4.0,19.17,418375.01115735975
875.7,4.0,5.35,2022.0,4.0,48.12,250025.14750143065
9995.93,4.0,4.52,1930.0,5.0,26.92,1734832.0374988443
2984.84,8.0,5.01,1997.0,4.0,20.99,714341.0102164751
2602.1,5.0,3.92,1937.0,6.0,28.7,594757.6366537558
5731.1,6.0,5.11,1982.0,8.0,39.85,1116251.6125290834
7342.98,1.0,5.2,2004.0,1.0,42.21,1126054.0862286477
,8.0,4.09,1978.0,,26.84,667928.0582201122
658.9,,5.07,2003.0,3.0,5.27,315135.0074113814
2323.35,6.0,2.98,1951.0,4.0,11.68,570161.0643686032
8554.74,1.0,2.9,1907.0,3.0,42.34,1303098.5663101468
3647.07,2.0,5.6,2015.0,10.0,2.8,917958.594228974
9293.06,1.0,,1926.0,7.0,15.31,1565306.291629712
5883.61,6.0,4.7,1988.0,9.0,17.62,1231983.7757189947
2705.37,7.0,2.63,2000.0,8.0,27.88,692611.481914852
2264.51,7.0,4.09,1991.0,5.0,35.73,547497.9061619531
7526.73,2.0,5.71,1997.0,3.0,21.83,1264033.41831932
5368.19,2.0,1.47,1941.0,1.0,19.7,833126.2138877676
9060.79,4.0,1.85,1917.0,5.0,3.63,1576008.260695933
4500.47,2.0,5.72,1963.0,4.0,,876212.638456983
4259.07,7.0,2.65,2004.0,10.0,16.37,1000056.3765891829
2408.09,7.0,2.46,1962.0,4.0,14.37,573176.63077669
3967.65,4.0,3.73,,8.0,10.88,879962.9455325407
8397.18,7.0,1.7,1932.0,7.0,4.16,1566463.8104052243
5052.73,7.0,4.95,2014.0,10.0,4.71,1206191.2678955235
6747.22,1.0,4.23,2023.0,7.0,5.38,1286788.768647629
7595.1,4.0,2.96,1975.0,3.0,1.72,1344112.0307805235
4451.77,2.0,4.65,1943.0,4.0,17.74,816880.4594806437
7358.94,2.0,5.05,2008.0,2.0,8.64,1244853.6244012732
2817.17,3.0,3.13,2002.0,3.0,33.04,513781.0290081299
7505.19,8.0,2.94,1926.0,2.0,40.08,1242045.2892636831
3975.03,2.0,5.31,1981.0,7.0,29.56,826500.2152945907
8532.42,5.0,3.95,1940.0,5.0,18.98,1559713.9723598207
4190.4,7.0,3.43,2017.0,3.0,24.74,811503.3576603975
3488.51,1.0,5.76,1924.0,9.0,25.0,820509.984602709
4448.49,8.0,3.83,1928.0,5.0,14.79,958813.526452398
5873.68,8.0,1.57,1999.0,6.0,37.96,1078342.868769587
4692.98,7.0,5.15,1938.0,1.0,17.75,878967.9613303947
4671.16,4.0,4.69,2010.0,7.0,7.39,1018688.538307399
2465.96,6.0,3.98,2025.0,5.0,47.64,509981.62178193644
9051.48,3.0,4.93,1935.0,3.0,7.07,1551559.7208989
3559.92,7.0,3.89,1953.0,2.0,44.07,627297.5467825634
5398.33,6.0,3.44,2011.0,2.0,23.19,950207.6120907948
3903.12,7.0,3.15,1934.0,5.0,29.11,825857.8785001027
5110.71,1.0,4.13,1902.0,3.0,0.53,909607.5221111238
2422.02,3.0,2.51,2012.0,6.0,18.91,562066.9028556177
2072.49,5.0,4.78,1911.0,1.0,4.36,469202.7619321552
5434.72,1.0,5.09,1954.0,8.0,19.46,1066549.0220131585
1473.06,5.0,4.87,1917.0,3.0,28.38,399553.2589545105
2059.11,4.0,1.76,1987.0,4.0,5.47,488620.70028643194
6100.95,7.0,1.7,1910.0,10.0,30.58,1196236.3283310605
7059.52,5.0,4.03,1950.0,1.0,39.79,1109428.4443611004
4165.91,2.0,5.89,2019.0,7.0,28.63,871990.4662340202
6987.95,,1.34,1905.0,7.0,31.61,1189207.0005242429
4446.6,2.0,3.69,1910.0,9.0,48.73,852846.8788437296
3604.13,2.0,3.19,1930.0,2.0,6.24,666383.0775985572
1022.77,3.0,4.54,1920.0,6.0,39.26,311661.49478591274
2086.15,5.0,1.59,1942.0,5.0,13.52,536321.6613398799
6461.56,6.0,5.3,1920.0,2.0,33.87,1123132.78533477
,1.0,3.36,1919.0,1.0,45.74,314602.8612001359
4484.01,7.0,2.6,1973.0,9.0,3.11,1048068.3147215414
5399.85,7.0,3.33,2008.0,2.0,0.89,1018980.7030284742
5856.16,4.0,3.96,1998.0,9.0,,1225410.5000219434
4395.34,6.0,,,7.0,36.5,852913.1889235094
5533.24,8.0,5.86,1935.0,4.0,26.23,1086774.9533779966
4038.67,2.0,3.53,1950.0,10.0,33.29,864105.3091847069
3270.92,7.0,4.68,1934.0,4.0,38.62,686364.3279125518
1503.75,6.0,3.68,1926.0,8.0,6.44,551838.0538941633
7017.52,1.0,5.28,1991.0,6.0,2.92,1309450.4814623857
8290.85,7.0,3.78,1912.0,3.0,3.55,1481453.3203325856
2611.74,7.0,4.15,1974.0,,3.69,733891.0615113943
4712.6,6.0,5.71,2018.0,7.0,19.45,1054221.8136042166
3862.46,5.0,5.42,1979.0,5.0,44.2,761243.7256644143
1333.35,7.0,5.42,1980.0,9.0,49.48,471049.2406849743
3911.57,8.0,3.83,1934.0,6.0,1.95,941253.4292058216
3168.86,8.0,4.83,2024.0,4.0,13.69,782691.3429551895
9213.97,4.0,5.91,2019.0,3.0,29.83,1561292.478908267
7127.45,1.0,2.76,1918.0,4.0,40.61,1094696.9505106898
5650.18,1.0,2.16,1967.0,6.0,10.47,1017053.4889070062
7310.91,6.0,1.74,1918.0,9.0,48.05,1321290.1672377994
9448.27,2.0,2.61,1993.0,8.0,9.12,1661465.4580157183
7088.82,6.0,3.94,1939.0,5.0,36.58,1254040.2914221934
9512.63,1.0,2.59,1978.0,10.0,25.06,1680134.0108014399
1239.16,6.0,5.43,1990.0,6.0,13.63,479680.0429263288
1144.05,2.0,1.24,1953.0,7.0,19.25,342764.619659073
1463.57,4.0,1.37,,5.0,4.17,370806.4898989639
4066.85,2.0,5.93,1990.0,3.0,21.99,752291.6853799856
3645.4,7.0,4.61,1933.0,5.0,2.96,856341.4777291026
8478.62,,1.44,1980.0,4.0,10.74,1394656.2522705274
9782.05,2.0,2.99,1984.0,9.0,18.87,1749983.6695589744
2272.54,8.0,2.13,1907.0,2.0,17.52,479468.8793305905
9721.7,1.0,5.09,1968.0,8.0,12.16,1731974.3326995452
4250.64,1.0,5.5,1986.0,3.0,37.98,725617.1086592914
9851.5,4.0,3.12,1955.0,3.0,13.27,1656934.0993359918
9184.65,7.0,3.76,1966.0,1.0,31.34,1467339.5677323085
4486.14,3.0,3.91,1912.0,10.0,39.39,945398.4562823244
8861.29,5.0,3.43,1904.0,7.0,30.63,1556056.995915294
868.43,6.0,1.25,1934.0,1.0,39.79,136171.87023428074
8507.04,2.0,2.14,1995.0,6.0,21.13,1442397.5521139493
2285.39,7.0,4.8,2005.0,3.0,35.62,514934.39543360204
7914.91,1.0,5.38,1907.0,8.0,18.34,1445813.246842618
3999.34,7.0,1.62,1947.0,8.0,43.59,807578.0312748502
3822.72,5.0,4.44,1949.0,10.0,11.11,948098.2960470736
2638.56,7.0,5.32,,3.0,,653886.7601787688
2897.71,5.0,4.55,2014.0,6.0,11.3,726688.4601178156
5446.06,,6.0,2007.0,10.0,15.27,1209889.2522421803
1106.45,6.0,2.31,2014.0,4.0,38.39,268430.26751759724
8151.58,7.0,4.4,1983.0,5.0,21.22,1509072.500619844
835.53,4.0,4.57,1981.0,6.0,42.35,270398.1830071625
8826.7,2.0,4.7,1971.0,3.0,45.03,1385638.2235744663
2611.41,5.0,5.43,1974.0,2.0,43.39,503966.25809726864
9470.86,4.0,5.34,1938.0,3.0,10.41,1635413.8780160255
5909.33,8.0,5.31,1910.0,3.0,3.37,1168149.0072026912
2489.13,3.0,4.82,1978.0,7.0,48.28,541807.6662446408
858.39,6.0,5.46,1967.0,1.0,12.82,307103.4859801175
3771.32,7.0,2.53,1905.0,5.0,26.25,758707.5286458369
4619.82,3.0,5.51,1924.0,,11.6,1001117.0314553154
,3.0,4.56,1948.0,5.0,31.35,547505.2322894757
955.62,1.0,1.58,1915.0,8.0,10.67,347539.3560710902
588.39,2.0,2.35,1917.0,2.0,31.08,135512.49813149875
7955.22,4.0,5.16,1945.0,5.0,27.63,1403202.4928131492
7037.94,,4.36,2006.0,8.0,4.96,1385203.9317825844
7373.85,5.0,3.28,1933.0,2.0,43.77,1174811.9326288542
3922.04,7.0,1.47,,3.0,8.94,758451.0748361689
4658.29,2.0,2.71,1951.0,5.0,34.65,795590.7843970455
4506.53,3.0,4.48,2020.0,2.0,29.74,782568.9040768489
6944.73,7.0,4.06,2012.0,3.0,24.66,1238085.053981502
4686.53,,5.34,1995.0,10.0,47.81,961035.9760905377
5431.45,2.0,4.63,1984.0,7.0,41.41,989847.4107496317
,3.0,3.35,1921.0,8.0,16.88,655524.9734368264
5315.83,7.0,2.17,2002.0,2.0,22.63,919010.9291674625
5225.05,2.0,1.18,2005.0,10.0,32.06,999383.9607175506
5842.16,8.0,2.82,1928.0,6.0,31.18,1106151.1102134916
6743.09,2.0,,1945.0,5.0,19.01,1156168.2819515916
9020.33,7.0,4.05,2019.0,4.0,39.18,1537991.1527798078
1523.77,2.0,3.25,2022.0,,36.94,400126.74523482047
4611.7,3.0,1.87,1913.0,10.0,16.43,987067.6445400096
4477.32,4.0,5.82,1957.0,3.0,35.15,837130.1821073149
3339.67,6.0,5.68,1925.0,5.0,46.1,691565.5576244914
7248.77,3.0,4.47,1914.0,9.0,28.75,1370694.7945694244
4466.04,5.0,,,3.0,3.3,855351.9986510981
7962.56,5.0,1.31,1926.0,1.0,22.9,1256746.4952873266
6917.5,4.0,3.81,2000.0,5.0,2.83,1288382.8541844848
4457.38,6.0,1.27,1925.0,8.0,45.62,848601.9394748908
6652.51,4.0,5.82,1922.0,2.0,9.1,1205903.8553815538
4083.38,5.0,3.92,1942.0,3.0,46.47,689223.6897514979
7849.78,5.0,3.86,2000.0,9.0,9.6,1557252.809135282
5298.83,7.0,2.11,1942.0,5.0,37.76,938654.2392775045
9968.0,1.0,2.73,1982.0,10.0,2.47,1789177.170808184
4123.04,2.0,3.7,2016.0,6.0,25.68,812787.6631025011
3316.12,6.0,5.74,2022.0,,3.74,877872.940409444
7849.03,7.0,2.03,2012.0,7.0,47.02,1366256.2972557824
1960.67,6.0,1.37,1932.0,10.0,45.59,534155.6826389642
4785.69,,4.37,1982.0,2.0,29.49,811599.7984072962
1189.6,2.0,4.43,1936.0,8.0,41.2,359981.1844277125
1985.07,7.0,5.25,1981.0,6.0,1.05,655747.568372906
1843.05,7.0,5.73,1995.0,6.0,45.33,499910.07432731835
1853.32,5.0,1.91,2009.0,9.0,27.71,547694.7960012662
1139.95,8.0,2.79,1930.0,10.0,10.08,564346.639277468
3619.29,3.0,2.82,1954.0,6.0,11.47,747501.0420481124
4643.18,3.0,2.66,1957.0,5.0,5.89,897186.2123752051
1278.75,3.0,1.98,1980.0,2.0,42.55,204956.47181413436
8220.1,4.0,3.76,1969.0,3.0,11.55,1400109.1317079405
7465.65,8.0,1.45,1901.0,10.0,37.98,1392574.1940665036
2012.61,3.0,3.42,1928.0,4.0,18.79,462576.8081723787
2464.35,6.0,5.59,1905.0,6.0,48.44,579806.9985666309
3098.21,3.0,2.89,2014.0,9.0,48.65,638977.352369433
4355.5,6.0,3.41,1964.0,8.0,4.32,991499.4254157252
2509.41,6.0,5.08,1953.0,2.0,24.2,548892.2490603646
2031.84,1.0,1.64,1917.0,1.0,7.77,332544.73487754015
9263.25,7.0,,1992.0,5.0,11.22,1614715.5433843518
4978.43,4.0,4.0,2005.0,10.0,13.59,1085217.8366812135
3755.38,2.0,2.93,1925.0,9.0,41.41,749475.2927243223
2185.51,1.0,3.66,1911.0,3.0,,465690.1134839701
9408.48,7.0,2.85,1967.0,8.0,19.37,1737292.3432542433
7543.24,2.0,2.27,2016.0,5.0,27.41,1262520.8943480302
551.96,1.0,,1983.0,6.0,5.78,278054.9220505486
6061.02,7.0,4.06,1950.0,7.0,28.1,1185767.7568814596
5811.39,5.0,4.87,1917.0,2.0,22.61,1011240.5595304329
2037.05,7.0,5.0,1987.0,3.0,31.98,489339.80296011415
8320.93,7.0,2.32,1977.0,7.0,20.33,1509219.620416198
3221.46,1.0,5.1,,9.0,2.16,823579.7784050714
5400.23,3.0,2.8,2024.0,5.0,17.98,969686.0358467151
6067.76,2.0,3.75,1971.0,6.0,40.87,1050344.1977136177
9649.04,7.0,2.31,1913.0,9.0,47.38,1704407.083695039
9588.74,5.0,5.83,1998.0,6.0,23.21,1708649.597773147
,2.0,2.91,1928.0,4.0,20.92,506465.67583148414
5588.69,5.0,1.47,2005.0,9.0,24.09,1105785.6598756667
8996.0,4.0,2.0,2011.0,4.0,12.86,1504801.6929217125
1981.96,2.0,4.32,1997.0,1.0,18.87,385445.38722715626
9032.15,5.0,5.92,1935.0,10.0,26.52,1718851.386011727
9426.72,6.0,4.43,2024.0,9.0,,1789073.1414782326
2502.15,6.0,5.31,1933.0,8.0,17.48,707487.353242168
4527.46,6.0,3.0,1973.0,10.0,40.8,957086.6526138842
8138.83,7.0,5.0,1960.0,3.0,7.16,1486814.4743686817
6491.19,6.0,2.5,1972.0,2.0,3.47,1175035.6541169256
5027.12,8.0,2.3,1971.0,5.0,20.88,996817.0623912781
6956.07,3.0,2.42,1965.0,8.0,19.36,1311028.2368626734
6501.27,3.0,5.64,1978.0,2.0,17.51,1118950.2865566793
6703.62,7.0,3.22,1946.0,9.0,20.99,1350057.8095508101
719.46,5.0,4.5,1921.0,2.0,44.0,193669.13008607528
750.47,2.0,4.09,2019.0,5.0,37.01,271187.54399826506
1700.91,,4.32,1941.0,8.0,27.26,492632.02571967273
4726.03,3.0,3.28,2012.0,9.0,26.92,951148.6723672884
5075.69,2.0,2.83,,9.0,42.47,936552.6103183397
,8.0,,1955.0,10.0,0.86,760561.5641353528
4411.49,7.0,4.57,2006.0,5.0,31.45,880887.1746747886
8099.61,5.0,4.71,1952.0,2.0,14.83,1378264.5100766944
6368.43,8.0,1.1,,2.0,6.69,1129450.4067971432
577.94,1.0,2.71,2002.0,6.0,39.68,191977.3396366574
8513.69,1.0,2.96,1923.0,5.0,41.5,1379896.0625882384
7797.38,8.0,5.97,1994.0,9.0,10.82,1615803.3575727907
9631.53,3.0,1.21,1966.0,8.0,10.34,1674255.945165064
8704.75,2.0,,2001.0,2.0,12.53,1384646.2799297746
6020.23,3.0,1.45,1911.0,6.0,49.85,984863.2875725976
1067.86,2.0,2.16,2000.0,6.0,22.22,296915.5018946904
7047.87,3.0,1.2,1971.0,8.0,9.74,1324432.3814878154
7457.82,3.0,1.78,1933.0,,32.08,1295724.6018108192
,6.0,2.19,1984.0,7.0,34.32,573802.3652184295
1964.25,7.0,1.55,1908.0,3.0,2.05,473790.4820636368
2320.36,7.0,3.63,1932.0,4.0,4.01,633932.0856124812
2483.01,2.0,4.19,1995.0,7.0,39.82,540073.4023212107
6360.87,2.0,1.39,1966.0,4.0,9.88,1100857.7446796019
2863.25,3.0,3.79,1998.0,6.0,35.28,570531.0851180844
1488.97,7.0,4.29,1976.0,6.0,27.73,471964.8746556934
8526.11,7.0,2.62,1969.0,9.0,13.08,1622155.1554957728
4751.25,1.0,3.98,2013.0,5.0,11.13,899602.2089064711
7829.47,5.0,3.56,1973.0,1.0,8.23,1314179.5179278112
8951.44,5.0,1.46,2017.0,2.0,39.75,1387008.7489852125
8344.2,2.0,2.5,1973.0,1.0,17.05,1289465.693559261
4625.89,2.0,2.13,1977.0,7.0,26.46,859967.8077246806
5866.67,4.0,4.37,2024.0,10.0,4.96,1264324.9344756785
7970.5,6.0,3.86,1951.0,7.0,38.8,1429091.5825108811
1781.27,8.0,3.86,1994.0,4.0,38.95,458214.7231713334
9279.31,7.0,2.74,1976.0,5.0,17.81,1606396.868622432
8126.56,8.0,5.09,1947.0,2.0,3.2,1458172.2874389656
9303.93,,4.47,1957.0,6.0,27.13,1617764.6523284777
5471.03,8.0,5.96,,10.0,26.58,1235099.2101796938
1071.05,5.0,,1949.0,6.0,1.44,420110.2019516517
6669.41,7.0,4.55,1962.0,9.0,10.34,1413658.7796328377
5826.53,1.0,3.65,1950.0,1.0,17.92,934954.6195143929
2743.95,5.0,4.13,2013.0,1.0,47.48,469441.9577609574
3746.97,3.0,2.91,1978.0,4.0,28.86,679678.2772211516
3467.64,8.0,2.03,1969.0,4.0,15.8,764257.2188732298
5476.15,3.0,3.82,1908.0,2.0,42.06,892972.6126366481
780.09,7.0,2.52,2005.0,5.0,9.8,364279.03777281387
748.88,5.0,4.06,1929.0,6.0,39.1,315805.56426431536
8538.31,6.0,2.94,1920.0,1.0,48.46,1318847.1392437771
9526.88,4.0,1.33,2026.0,10.0,16.58,1736421.473362985
2844.45,1.0,5.12,1950.0,10.0,26.5,700093.6480912984
7975.74,8.0,5.39,1931.0,7.0,2.44,1602131.7718999765
7769.02,4.0,2.99,2005.0,3.0,30.85,1283479.3673027437
5411.21,8.0,3.5,1974.0,9.0,20.97,1137390.4077036532
2199.35,4.0,1.45,1983.0,3.0,6.62,456293.6223100134
4769.28,7.0,5.88,1920.0,7.0,8.96,1055523.5173335986
8777.4,3.0,1.89,1953.0,8.0,9.44,1567048.8974833316
,,3.49,,8.0,29.65,611613.1338369395
4396.44,1.0,3.74,1971.0,4.0,7.84,848281.3557814403
848.85,5.0,1.44,1922.0,5.0,34.73,253048.92170629662
7979.42,8.0,2.8,1998.0,6.0,41.1,1424042.2331835693
8511.44,8.0,4.47,1967.0,4.0,30.8,1473014.4781267766
7432.42,2.0,4.44,2026.0,7.0,16.17,1334602.2634096728
9952.73,3.0,3.48,1963.0,3.0,12.02,1645616.2845165508
2338.78,8.0,1.59,2002.0,7.0,17.02,632317.9817340896
,4.0,2.27,1938.0,6.0,6.13,611519.5787785886
4262.47,1.0,1.97,2018.0,8.0,32.46,765378.8684994018
6458.4,6.0,5.07,1907.0,5.0,34.07,1181613.1994073081
677.83,6.0,5.44,2024.0,1.0,19.07,248697.4574924272
2076.71,3.0,5.32,1990.0,1.0,4.8,483551.5882324506
4030.04,5.0,2.51,2000.0,4.0,,805204.9736914528
5085.3,4.0,3.42,1939.0,3.0,5.36,936016.8032050896
5403.39,4.0,3.3,1966.0,5.0,34.51,950270.4962399496
1327.22,1.0,4.83,1902.0,5.0,10.89,387124.7971716657
3222.39,8.0,2.36,,10.0,5.57,882908.3135409025
5718.97,5.0,1.86,2014.0,8.0,1.94,1178552.6348075187
979.33,2.0,1.89,1975.0,8.0,15.97,352003.60930496687
7272.54,2.0,4.78,1916.0,8.0,15.86,1376461.6977327676
7781.69,4.0,5.48,1946.0,6.0,44.18,1346359.6357244134
787.51,6.0,5.23,1944.0,3.0,20.58,314093.4075160648
1516.32,2.0,3.66,1952.0,4.0,48.71,282912.54460068163
3736.78,7.0,3.18,1969.0,3.0,4.36,775508.3651637094
5954.79,8.0,1.49,1939.0,2.0,34.43,981423.7604197923
8288.72,1.0,5.09,2015.0,1.0,33.21,1267509.8316111672
3269.28,8.0,4.41,1972.0,5.0,46.87,712452.8769937458
9193.62,1.0,3.55,2009.0,6.0,,1585571.9532795763
5820.29,2.0,5.33,1989.0,6.0,20.6,1087347.6173801112
2506.55,3.0,2.92,2007.0,5.0,33.67,506582.19866101333
,8.0,5.87,1917.0,7.0,44.73,651525.0792546376
9337.95,8.0,3.76,1945.0,7.0,29.11,1680247.9560070017
2749.12,7.0,3.88,1904.0,6.0,24.34,681160.5005006514
1849.83,5.0,1.39,1911.0,2.0,27.19,360067.1156507096
6323.87,1.0,3.56,1993.0,6.0,40.01,1056792.9827858421
835.6,5.0,3.82,1960.0,10.0,49.52,369542.7263903298
6431.01,2.0,1.38,1932.0,5.0,13.22,1103465.7245427254
6236.3,3.0,2.85,2000.0,8.0,26.61,1123086.1825289663
9848.68,3.0,4.76,1949.0,8.0,8.78,1768434.1340670218
8497.41,5.0,1.58,1951.0,8.0,37.75,1488464.614011668
4108.11,8.0,3.65,1936.0,8.0,16.13,985501.0157025192
9580.77,6.0,3.16,2009.0,5.0,5.36,1695499.9594066544
4215.96,4.0,3.94,1943.0,3.0,,824842.3544458365
1145.54,2.0,2.76,1932.0,1.0,3.32,276739.75231815304
8992.69,2.0,1.6,1916.0,10.0,9.65,1678136.7121268285
2250.5,2.0,5.61,1954.0,6.0,39.15,529118.6236715186
1092.68,1.0,5.06,1908.0,4.0,9.33,350193.2361277885
1866.79,4.0,1.53,1933.0,2.0,36.51,296755.3933909936
678.27,1.0,4.32,1989.0,7.0,26.01,276013.8051961364
5161.45,2.0,1.02,2004.0,2.0,46.78,737329.4545380083
6977.44,2.0,5.27,2007.0,5.0,9.24,1267950.7388207354
4149.55,7.0,4.15,1910.0,8.0,7.43,966808.6943560349
7337.52,8.0,4.96,1963.0,8.0,1.31,1506199.406736362
3708.33,7.0,5.04,1958.0,9.0,29.18,883286.2799457841
850.34,1.0,5.59,1989.0,1.0,2.97,295748.1245260885
8040.12,3.0,1.32,1914.0,10.0,40.32,1419682.5963542417
8209.45,7.0,5.88,1917.0,4.0,29.86,1464317.9103802508
1647.08,7.0,2.85,1931.0,1.0,39.66,337281.1620833504
4073.25,8.0,1.04,1990.0,5.0,40.47,756538.0246147143
7077.4,5.0,3.06,1978.0,10.0,25.24,1359170.736980076
6458.32,6.0,3.79,2026.0,2.0,43.21,1077764.8611590448
5321.64,4.0,1.97,1987.0,8.0,8.41,1080499.6506552699
1013.26,4.0,2.67,1997.0,2.0,46.28,160990.30768510315
7962.17,2.0,2.18,1974.0,4.0,44.97,1230160.4198287458
1546.26,4.0,5.35,1928.0,10.0,44.58,502064.72619922867
9314.93,7.0,3.29,1945.0,4.0,2.09,1641027.504035535
3165.74,8.0,1.86,2013.0,3.0,32.08,624713.6632129747
2114.39,4.0,5.28,1927.0,8.0,36.64,601479.749607052
2843.21,4.0,3.96,1973.0,7.0,2.48,712262.9863927129
7801.76,7.0,4.99,1957.0,2.0,1.11,1430178.5385503585
9524.37,5.0,,1985.0,8.0,,1713895.8614631728
4820.99,7.0,5.36,1990.0,2.0,34.69,873971.6192435295
3317.6,4.0,1.4,1994.0,9.0,33.9,700054.091136417
1554.18,1.0,1.88,1908.0,4.0,17.08,321527.13845480274
6665.86,4.0,4.8,2014.0,7.0,3.64,1320686.8244191725
5119.16,2.0,3.66,2015.0,10.0,33.83,1007119.7482538344
9791.8,4.0,3.29,2014.0,2.0,14.16,1606146.8523866977
5215.12,1.0,5.85,1916.0,7.0,32.41,991284.428358263
1098.02,4.0,3.6,1974.0,6.0,33.46,342738.7792970039
5710.45,3.0,2.53,1929.0,5.0,2.84,1055034.045069376
4831.3,3.0,2.43,2007.0,3.0,6.29,865773.430041475
5957.99,6.0,3.81,1940.0,3.0,27.22,1064569.3683873864
3364.82,7.0,4.84,2018.0,1.0,27.53,656446.7578143657
6648.82,5.0,4.77,1985.0,10.0,46.15,1264609.6713280217
1567.0,1.0,3.75,1951.0,4.0,5.08,411299.9845814384
6592.47,4.0,4.84,1910.0,8.0,47.9,1213241.3068505768
4247.02,1.0,2.81,2009.0,7.0,14.59,814441.9207831796
9786.47,2.0,5.44,1953.0,5.0,36.54,1630300.902885699
7421.75,2.0,2.52,1967.0,2.0,29.74,1144503.1436158123
562.88,5.0,3.78,1996.0,4.0,19.4,285390.9800288974
901.21,5.0,4.7,,5.0,32.21,321102.61265186226
1679.68,5.0,3.46,,5.0,48.55,348428.76849003223
3936.72,7.0,4.14,1988.0,6.0,28.98,816954.8634317525
2047.05,6.0,4.47,1906.0,7.0,47.78,518838.7741999207
3270.81,2.0,4.83,1912.0,3.0,43.69,565047.3375258222
7007.19,6.0,3.9,1901.0,5.0,24.5,1257013.7506234339
9152.49,3.0,5.16,1971.0,9.0,35.77,1648342.3868816607
8124.51,2.0,,1944.0,6.0,22.38,1356613.6990659656
5469.65,3.0,1.14,1928.0,3.0,15.72,915096.3030202902
9820.54,2.0,4.87,1905.0,1.0,25.92,1529555.7570035635
1629.76,2.0,1.05,1915.0,4.0,10.4,354486.4583829676
777.96,5.0,2.74,1964.0,10.0,28.73,411014.9800697462
,4.0,5.82,1996.0,2.0,46.06,450313.7995207407
5009.8,3.0,5.79,1945.0,7.0,11.76,1046221.6668365527
9853.82,2.0,3.48,1936.0,1.0,24.94,1542947.3921382166
4840.98,8.0,3.04,1954.0,2.0,40.22,827633.6219571526
,8.0,2.98,1986.0,3.0,34.9,537435.3816809772
7543.61,3.0,5.88,1976.0,7.0,41.99,1326225.8971801358
3145.92,5.0,5.0,1945.0,10.0,49.38,756695.0626687292
1900.05,2.0,3.49,,1.0,,401431.0293098685
2201.41,6.0,4.11,1909.0,9.0,39.74,571116.8324980907
6789.89,5.0,5.05,1902.0,1.0,44.07,1075320.0711679428
4776.1,8.0,1.16,2010.0,3.0,7.16,921791.0819077081
5130.82,8.0,4.43,1960.0,3.0,19.87,990567.3192093552
9723.27,6.0,2.42,1975.0,6.0,,1722457.6881005696
8967.76,2.0,5.96,1907.0,4.0,15.95,1537454.2221992626
7035.92,2.0,1.1,1958.0,7.0,45.12,1148326.8468120934
7111.61,6.0,2.95,2003.0,4.0,25.39,1237236.3414691188
3725.62,6.0,2.01,2024.0,9.0,13.63,890669.7309248971
5948.45,2.0,3.89,1934.0,9.0,10.88,1196243.8126495183
6689.6,5.0,3.7,1951.0,9.0,38.29,1267634.039931128
676.73,3.0,2.06,1995.0,5.0,26.87,225921.34550816298
7806.63,1.0,2.82,1919.0,5.0,20.81,1297650.4066389126
9155.81,7.0,2.44,1987.0,7.0,,1665683.1271827058
8071.93,8.0,3.18,1904.0,5.0,13.29,1485436.2821356745
6757.37,1.0,,2010.0,6.0,43.43,1092000.732787696
4366.57,2.0,5.2,1930.0,9.0,26.34,939312.1228534462
9521.91,5.0,1.45,1998.0,6.0,36.99,1602447.5119796817
7567.61,4.0,1.88,1956.0,10.0,26.91,1415078.3705514753
1573.13,8.0,5.82,2019.0,8.0,,637479.1470174824
9684.65,1.0,4.94,1970.0,6.0,34.42,1631255.708832459
2745.63,1.0,2.96,1932.0,4.0,43.04,450803.3694046767
4669.04,7.0,2.37,1999.0,8.0,46.36,883104.1319723321
4512.48,2.0,4.49,1945.0,9.0,,976550.7053362388
994.94,8.0,1.68,1980.0,10.0,8.31,499849.12118461216
9711.81,3.0,4.43,1940.0,3.0,34.53,1556508.7977393803
8095.52,7.0,2.97,2006.0,,1.64,1549084.2756878433
6314.03,2.0,1.99,1921.0,10.0,13.38,1251911.0596841292
3995.24,,3.63,2018.0,8.0,35.82,814329.9106064624
8688.4,5.0,2.91,1926.0,5.0,9.87,1528563.492067867
,5.0,3.25,1974.0,8.0,23.71,656311.0837177524
9756.79,4.0,4.54,1932.0,9.0,16.98,1755211.470364882
9128.15,,3.52,2025.0,6.0,44.67,1504146.7183716286
2204.04,8.0,5.39,1940.0,7.0,6.28,726128.9779083045
1714.78,5.0,5.63,2012.0,5.0,22.07,481428.2063133024
7500.26,3.0,5.61,1956.0,3.0,9.57,1345685.310648104
2053.77,2.0,5.64,1945.0,9.0,24.9,606242.9461124162
8735.35,2.0,2.42,1995.0,5.0,33.33,1407483.181291488
,3.0,1.38,1986.0,,34.22,529431.7279915942
4244.61,2.0,1.77,2006.0,8.0,47.78,792811.892867066
555.15,8.0,4.66,2022.0,3.0,2.91,365470.49382587743
3570.12,2.0,4.01,1932.0,7.0,42.69,696371.3087945051
7905.18,3.0,3.45,2003.0,10.0,33.44,1442566.5865068964
5370.21,7.0,3.82,1996.0,6.0,21.99,1058213.8344580282
884.16,8.0,4.24,2019.0,9.0,23.68,503839.03724816366
8114.67,3.0,2.5,1954.0,1.0,45.91,1186629.242611367
5351.19,8.0,3.84,1932.0,,37.16,1064071.9935582909
7968.68,1.0,5.38,1975.0,8.0,13.62,1469877.1382985231
8777.78,3.0,5.91,1986.0,,,1632051.6973861959
6730.11,7.0,5.83,1962.0,10.0,33.85,1384571.4315793042
4252.47,3.0,1.95,1989.0,1.0,32.61,664603.5991638685
4639.99,4.0,4.85,,3.0,37.07,809138.2540171788
,8.0,2.01,2006.0,,31.71,611021.8759705995
9805.13,5.0,3.0,1992.0,8.0,,1761088.044263265
5975.83,5.0,3.09,1963.0,6.0,22.09,1110240.1010988583
7398.99,8.0,2.1,1943.0,8.0,15.02,1432448.0073956728
9618.13,6.0,5.0,1979.0,2.0,6.89,1673404.32924968
6254.62,7.0,3.47,1971.0,1.0,13.41,1083530.5201373356
2159.79,1.0,2.69,1929.0,4.0,49.69,356742.5888015849
7809.05,5.0,5.27,1977.0,1.0,22.17,1330582.0678820743
8495.17,2.0,4.05,1913.0,1.0,8.77,1390167.0235483556
2451.17,5.0,4.81,2011.0,6.0,7.32,695067.437188371
4671.53,1.0,5.05,1964.0,5.0,37.86,816542.6620134464
6817.45,7.0,1.69,2017.0,8.0,26.05,1264597.6794503287
9465.53,1.0,3.59,1943.0,3.0,19.97,1495038.6962664358
9263.93,1.0,5.9,2012.0,5.0,44.35,1536980.1646723377
8798.69,6.0,1.04,1967.0,3.0,22.59,1447648.984845311
5672.04,8.0,5.44,1951.0,5.0,27.1,1122472.2299363432
7329.37,5.0,3.56,1943.0,,44.57,1291095.0293947973
2957.56,5.0,5.93,1907.0,5.0,18.05,691201.6642905243
6684.14,5.0,1.03,1930.0,10.0,44.77,1250597.2796942524
5566.24,6.0,4.33,1973.0,7.0,12.76,1150194.3177296284
6032.51,6.0,1.73,1952.0,1.0,6.94,1035297.4219190734
1241.69,7.0,3.59,1933.0,7.0,34.61,445109.9993584804
7451.31,3.0,1.64,1916.0,9.0,6.34,1408691.6384760507
4996.88,6.0,1.59,1914.0,10.0,26.38,1045550.260364187
3396.78,5.0,4.96,1975.0,5.0,11.17,763349.8831683203
5143.54,6.0,1.22,1939.0,6.0,24.02,970943.0253570399
6254.24,8.0,4.34,1993.0,10.0,20.78,1360826.3674471255
4256.27,8.0,4.23,,5.0,6.63,968331.8006923248
2328.05,1.0,3.61,1964.0,2.0,26.83,429815.29939959093
3112.14,8.0,3.67,1975.0,1.0,,647552.7648535322
5515.07,2.0,1.5,1918.0,2.0,47.63,779526.4276961213
1059.68,,1.29,1940.0,6.0,47.11,236535.1961985053
992.84,4.0,4.76,1914.0,6.0,20.65,393011.87368433044
4371.19,1.0,5.82,1931.0,3.0,20.63,816601.3727770641
6540.09,3.0,5.93,1968.0,9.0,0.55,1342576.5305542778
8379.03,,5.67,1976.0,7.0,42.2,1486597.7547919091
8486.5,3.0,3.82,1950.0,3.0,49.94,1317184.881521315
2503.08,6.0,5.73,2025.0,8.0,33.28,673818.7839507887
2500.93,,4.46,1900.0,1.0,33.8,417757.9343710975
9005.05,7.0,4.94,1909.0,8.0,17.97,1675824.6499220135
8360.93,3.0,5.06,1915.0,4.0,,1482687.0587594288
3170.78,6.0,5.08,2003.0,4.0,48.38,623176.7695078261
5181.96,,5.92,1914.0,10.0,8.94,1144524.5865038843
7518.74,3.0,1.64,1933.0,4.0,36.58,1176444.8184190458
,5.0,,1954.0,1.0,16.49,470493.22951064806
4365.32,8.0,3.59,1992.0,5.0,26.85,916083.3228793408
4222.66,1.0,2.13,2022.0,4.0,16.8,736705.1297295459
,7.0,3.96,1942.0,4.0,12.3,599752.8557032284
1017.11,4.0,4.88,1997.0,8.0,4.73,492290.3540387108
816.76,2.0,1.31,1907.0,7.0,34.04,247503.14645378495
3301.71,2.0,3.06,2000.0,1.0,23.48,500563.2003558764
6392.0,1.0,2.64,,2.0,42.12,949425.5770022328
1696.83,6.0,4.62,1931.0,1.0,15.93,410670.4820468698
9617.54,5.0,3.71,1960.0,6.0,48.53,1606684.0954722015
6747.93,4.0,5.18,1954.0,4.0,10.46,1272143.8414241802
2298.88,8.0,2.66,2023.0,5.0,8.53,634340.4754432164
7997.32,4.0,4.19,1959.0,4.0,38.53,1323774.6696416775
8169.08,7.0,5.95,1909.0,9.0,14.88,1613124.111368875
6064.02,1.0,2.0,1928.0,3.0,27.95,994353.397048748
704.17,,4.39,2000.0,6.0,15.6,342513.77651021734
8190.13,7.0,1.33,2018.0,4.0,19.22,1402668.4393786942
6195.72,4.0,4.82,2009.0,3.0,3.14,1150976.12369335
8792.09,8.0,1.41,1984.0,3.0,37.69,1431914.7714115179
5337.01,8.0,4.56,1961.0,8.0,29.27,1121776.093821141
8010.93,4.0,2.02,1950.0,7.0,28.78,1382094.5698967965
4054.02,3.0,2.48,1929.0,8.0,17.15,843050.1158813941
4608.8,8.0,2.91,1929.0,2.0,4.58,905288.70094676
5371.51,5.0,1.49,1904.0,6.0,16.8,1001975.1284329935
8247.87,5.0,4.02,2009.0,9.0,0.92,1604127.8132598428
8311.93,7.0,5.11,1901.0,9.0,47.6,1537785.9534153785
2662.0,4.0,3.58,1996.0,8.0,4.75,712825.3417386871
4573.53,7.0,3.25,1947.0,3.0,37.02,842529.3948287403
6759.06,4.0,4.43,1999.0,5.0,1.65,1242744.4528741047
9260.37,6.0,5.0,1973.0,7.0,19.84,1710908.102778837
2289.22,8.0,2.52,1986.0,1.0,,527474.2778874644
2390.49,7.0,2.17,1908.0,6.0,9.01,598842.6465138778
4403.18,2.0,3.09,1949.0,4.0,10.68,815096.6860887947
7241.88,5.0,3.51,1935.0,3.0,41.32,1176950.387010063
2844.98,8.0,3.88,1936.0,8.0,42.21,676604.3245792327
4215.36,3.0,1.9,1955.0,3.0,5.23,762946.7496861368
914.81,3.0,4.14,2017.0,4.0,20.86,285782.8623180126
1651.69,2.0,4.9,1921.0,9.0,1.82,621577.5566513543
6918.41,6.0,5.28,1901.0,3.0,37.56,1209716.675897212
1148.25,4.0,3.19,1935.0,3.0,30.55,298460.8264249124
1679.44,3.0,4.82,1919.0,3.0,2.21,472511.08096064854
2553.58,2.0,2.54,1900.0,7.0,46.48,482461.2234317416
2766.13,,1.07,1987.0,4.0,5.28,557611.6960058034
6809.03,1.0,1.54,1971.0,10.0,27.31,1242565.1184184188
1647.64,6.0,1.07,1901.0,8.0,33.07,441004.0828666208
6427.14,4.0,4.84,2026.0,9.0,46.15,1218115.9764525858
2893.43,6.0,4.48,2024.0,3.0,31.95,589159.619027628
3520.69,8.0,1.09,1957.0,4.0,,734281.187886756
701.53,2.0,4.69,1979.0,3.0,15.18,269153.8995230524
2441.66,8.0,2.64,1982.0,1.0,48.89,424042.9496722906
,6.0,2.03,2017.0,4.0,34.97,495275.5075127138
8790.7,3.0,1.03,1908.0,1.0,7.51,1404064.9470504636
1371.71,4.0,1.39,1939.0,4.0,9.23,349650.5500860015
3210.85,4.0,4.91,2024.0,7.0,22.35,757016.534104164
7481.82,,2.91,1997.0,5.0,8.06,1335189.5188695258
2944.27,8.0,3.81,1942.0,8.0,,803197.3034102902
8685.72,6.0,5.63,2024.0,7.0,32.23,1588659.9953336318
4383.48,2.0,3.83,1955.0,6.0,24.69,821285.2963542204
7116.33,7.0,2.21,2004.0,1.0,32.44,1158189.9052881035
4826.97,5.0,3.89,,2.0,45.89,786401.9679533552
6068.52,4.0,1.83,1988.0,9.0,19.45,1165687.1546922144
4410.29,2.0,3.86,2004.0,4.0,20.2,823878.6383875534
9876.74,1.0,4.87,1953.0,7.0,19.05,1701195.8446418587
2381.2,2.0,5.07,1907.0,4.0,45.16,431973.0805545466
6454.96,3.0,1.43,1908.0,10.0,24.52,1194934.5623971415
590.31,1.0,4.95,1927.0,1.0,26.24,157916.6492701846
3025.44,6.0,2.68,1943.0,4.0,33.42,577949.5597125557
1043.79,6.0,1.02,1951.0,,6.58,448550.41272976546
9535.09,4.0,4.09,1960.0,,32.08,1619594.5588817443
3560.74,1.0,4.68,1929.0,7.0,39.8,723757.8455243505
9421.31,8.0,5.29,1993.0,10.0,7.59,1869391.7620080393
5932.98,1.0,4.98,1986.0,8.0,22.59,1135326.303321944
6795.1,4.0,5.72,1913.0,1.0,46.48,1071051.2136978658
7779.93,5.0,5.76,1985.0,9.0,24.85,1513626.541715281
3661.61,2.0,2.89,1994.0,9.0,22.13,795086.9794636273
2961.39,2.0,4.7,1995.0,10.0,42.74,706538.0282302478
,1.0,1.95,1954.0,6.0,46.73,440523.4147299306
6805.56,2.0,3.69,1918.0,5.0,25.24,1176168.526421928
6213.92,1.0,2.54,1915.0,10.0,41.52,1117873.8168167921
7189.33,6.0,4.58,2019.0,1.0,38.91,1167415.315644184
7410.26,3.0,3.74,1986.0,6.0,19.86,1326376.0265333808
3188.88,4.0,3.74,1941.0,10.0,3.18,827939.4741101506
3388.7,3.0,3.41,1926.0,4.0,0.95,698432.2186684143
5968.98,3.0,5.91,1921.0,2.0,23.96,1047815.9614103407
1614.8,6.0,5.85,1951.0,2.0,24.69,427712.9815719191
9568.28,7.0,5.96,1911.0,7.0,32.83,1733192.2499547098
1640.0,8.0,5.54,1975.0,10.0,34.84,622556.5089959808
6132.35,7.0,1.63,1991.0,9.0,,1257666.225580425
5782.57,8.0,5.19,2004.0,2.0,10.77,1100779.1047953595
1614.6,,3.24,1905.0,4.0,4.85,425765.4291189653
7654.15,2.0,2.82,1954.0,1.0,2.79,1254090.1788264653
9093.89,8.0,3.45,2016.0,6.0,25.77,1611097.9083357744
6794.86,1.0,2.5,2022.0,9.0,18.27,1260542.791335717
6411.97,5.0,4.25,1958.0,5.0,47.04,1080136.7459364324
2435.75,5.0,4.48,1947.0,9.0,21.27,706589.8345598846
9928.27,1.0,2.24,1968.0,9.0,16.8,1730729.4622361956
9137.83,3.0,,1948.0,4.0,5.7,1552414.9460147081
2169.45,5.0,5.03,1944.0,5.0,30.57,549047.8647591827
2122.1,7.0,5.03,2000.0,10.0,20.43,737607.1166669386
2961.08,3.0,1.71,1934.0,6.0,12.83,650087.550975272
7214.47,6.0,3.51,1954.0,4.0,42.97,1185847.3865300254
4361.89,2.0,1.38,1911.0,1.0,14.65,673739.8454989644
,7.0,5.66,1963.0,9.0,20.57,747117.7213345648
9153.42,7.0,4.75,1994.0,9.0,2.6,1790604.3657531624
2101.06,4.0,2.84,1945.0,7.0,8.94,587903.8853070368
3710.61,2.0,3.42,1900.0,10.0,46.19,755535.342802698
9611.78,1.0,5.46,1907.0,10.0,15.27,1772958.5014671562
3822.36,7.0,1.51,1910.0,3.0,,742223.2560147002
7809.75,8.0,2.5,1923.0,5.0,22.21,1390659.7329551207
2037.43,,5.42,1914.0,1.0,21.34,398894.5835472767
800.26,8.0,5.91,1962.0,3.0,38.34,304370.50130833645
5267.66,7.0,5.79,1916.0,,34.38,1062533.730915755
8383.44,1.0,2.45,1997.0,10.0,25.81,1479447.90120534
7783.91,4.0,3.15,2000.0,9.0,9.84,1501871.1269491175
6474.63,2.0,1.19,2018.0,1.0,5.0,1020753.5166675209
4369.32,4.0,3.13,1954.0,5.0,18.5,886983.7309725608
7260.06,1.0,1.0,1941.0,8.0,30.52,1239848.7685132134
2896.5,6.0,,1970.0,3.0,37.19,540677.5418554231
7898.68,6.0,2.38,1911.0,3.0,30.29,1293656.6332972818
9699.14,4.0,3.23,2020.0,6.0,23.97,1668065.648191135
5568.8,3.0,3.75,2012.0,9.0,44.8,1037285.4326064334
7314.6,2.0,3.62,,10.0,48.39,1306250.1472196805
9580.13,4.0,2.99,2011.0,2.0,37.66,1532240.7680740317
7904.04,5.0,1.02,1975.0,9.0,35.53,1397975.1015041303
3382.4,5.0,1.86,1930.0,3.0,14.25,669049.0998942851
8797.14,4.0,2.05,1983.0,10.0,16.57,1610313.3536231117
8897.87,3.0,4.06,1907.0,1.0,11.35,1451305.6726425458
2178.98,2.0,4.44,1932.0,10.0,40.93,599419.0095345327
3053.54,7.0,2.16,1947.0,8.0,9.48,768386.4941331835
8692.35,8.0,1.9,1939.0,3.0,34.52,1460479.228369954
1863.46,8.0,5.85,1967.0,1.0,,522135.2790318321
8352.34,1.0,4.85,2020.0,1.0,0.97,1378503.998361586
5652.52,2.0,3.4,1956.0,5.0,8.15,1055914.1160858327
7074.39,,1.22,1913.0,7.0,,1290146.816744401
4557.79,5.0,5.39,2013.0,2.0,49.54,777175.649433258
9586.43,2.0,1.59,2017.0,1.0,9.31,1473281.1292016432
6196.31,3.0,4.44,1936.0,2.0,25.21,1026709.4423626272
3021.31,2.0,5.31,1999.0,6.0,22.61,667853.7204667274
9775.22,2.0,5.8,1911.0,3.0,19.56,1627486.4985634992
4526.4,7.0,4.18,2020.0,4.0,27.69,893800.0814632602
5179.71,4.0,3.9,1973.0,4.0,,987622.0150139988
,8.0,5.6,1944.0,3.0,7.63,639079.8346193485
9732.29,4.0,2.12,1915.0,3.0,1.8,1637546.4677650896
4031.0,2.0,3.97,1918.0,2.0,1.12,769848.7861792573
4456.7,8.0,4.74,1938.0,6.0,,1011701.8567189656
1557.03,1.0,1.87,1950.0,8.0,41.56,377486.2108833193
5267.79,7.0,2.36,1948.0,3.0,20.32,968917.3323182336
4226.76,2.0,3.34,1982.0,7.0,40.27,791891.7011884266
2349.94,2.0,4.89,1930.0,9.0,,674238.5143281203
9142.03,4.0,1.16,2025.0,1.0,39.62,1335730.0859972602
3488.51,1.0,4.76,1964.0,7.0,48.71,668790.7732869888
1425.11,2.0,,2001.0,10.0,2.35,539831.8153074466
6982.55,2.0,2.16,1987.0,3.0,25.33,1123666.1825579307
6283.02,6.0,1.66,1979.0,7.0,35.78,1114161.7713626954
2771.55,2.0,3.83,1912.0,3.0,15.82,533656.651893876
8075.14,8.0,2.57,1920.0,10.0,4.92,1633708.2927999937
7833.43,8.0,4.82,2018.0,2.0,24.67,1366811.17269215
3222.94,3.0,3.56,1940.0,7.0,13.51,744333.5104605893
6984.28,1.0,2.22,1901.0,2.0,8.33,1132476.7756419568
1193.3,8.0,2.74,1968.0,8.0,9.42,525981.3420924362
9615.71,7.0,2.64,1977.0,8.0,23.0,1745230.7570896398
9511.07,4.0,1.16,1948.0,6.0,48.94,1505299.8290767395
,7.0,4.18,1908.0,2.0,35.75,507791.81165411475
5485.39,5.0,1.27,1954.0,5.0,17.79,987904.3706694244
5017.24,3.0,3.18,1973.0,1.0,44.74,745448.5565885153
7365.87,3.0,5.93,1995.0,,44.88,1304202.9181479705
5244.73,7.0,4.61,2020.0,3.0,32.13,965851.5065745057
846.62,4.0,3.73,1948.0,4.0,48.6,208611.77067504785
636.52,1.0,2.53,1915.0,8.0,17.91,326184.3418836028
4545.57,6.0,1.88,1922.0,3.0,19.39,812846.3904667074
7041.23,5.0,5.69,1912.0,2.0,1.31,1288251.4253375796
1484.92,2.0,3.52,1985.0,7.0,38.96,374662.0341258874
1587.76,2.0,4.97,2016.0,,19.04,507148.668265306
3194.24,5.0,5.51,1986.0,7.0,1.8,836884.3216476736
8487.31,6.0,5.8,1930.0,7.0,32.4,1572374.1680920296
8112.65,3.0,2.95,1951.0,9.0,11.93,1487824.0944044455
1700.14,7.0,4.14,1970.0,6.0,5.12,581466.7539880389
6474.49,1.0,3.72,1973.0,3.0,31.91,1053187.9619343516
2272.27,4.0,3.68,1999.0,7.0,33.13,551284.7598391314
9382.27,2.0,5.64,1918.0,3.0,24.97,1566212.7056259802
8464.0,8.0,3.07,1980.0,7.0,16.02,1570180.6732484945
8181.22,1.0,4.3,2009.0,6.0,24.45,1425973.2116027838
5691.59,5.0,,1902.0,3.0,18.56,1032541.9718542887
780.23,2.0,5.7,1961.0,2.0,27.8,222191.9215934051
7579.35,7.0,2.25,2008.0,5.0,5.59,1388449.9621789884
6082.0,4.0,3.44,1954.0,5.0,31.33,1093910.7671567656
4578.47,6.0,5.1,2013.0,9.0,20.79,1065094.0821859606
8833.89,6.0,1.57,1954.0,6.0,11.15,1555190.599592701
1877.88,1.0,1.05,1959.0,6.0,28.3,376479.19774356217
6217.12,2.0,4.58,2003.0,2.0,32.49,1002471.2308670924
4634.45,4.0,5.01,2026.0,2.0,8.97,858290.7423344859
4137.15,,4.92,1900.0,5.0,48.36,730112.720802737
5567.94,6.0,1.35,2002.0,5.0,37.81,948698.888498719
5786.28,1.0,4.48,2008.0,2.0,46.92,870265.0365234381
2628.14,3.0,2.61,1955.0,2.0,45.16,405420.7266891983
9077.37,1.0,4.92,2021.0,5.0,30.83,1511028.720988048
3064.16,3.0,1.6,1918.0,7.0,33.58,634141.5073922111
2784.97,8.0,2.61,1928.0,5.0,17.97,646060.1893889181
2802.57,4.0,1.38,,4.0,19.56,564070.3359771487
3734.28,6.0,2.56,1919.0,2.0,11.33,714142.1673366174
9763.11,4.0,1.94,1921.0,10.0,7.79,1789154.5443552134
7577.75,8.0,1.14,1957.0,2.0,4.66,1325604.792382499
1930.89,6.0,2.36,1983.0,7.0,9.88,555352.6696765656
3121.29,7.0,1.25,1914.0,1.0,28.97,542019.6461927608
5555.25,7.0,1.51,2012.0,8.0,39.39,1052814.2831231959
3235.93,1.0,3.52,1961.0,4.0,34.23,575486.2689601223
3655.48,1.0,,2024.0,2.0,,637659.5296586172
3845.36,1.0,2.24,,5.0,26.5,718933.5020986634
1892.54,5.0,2.68,1944.0,5.0,13.05,488764.9002362303
8363.62,6.0,4.87,2015.0,8.0,34.45,1530628.045674973
696.91,4.0,1.71,1931.0,7.0,37.35,252339.39210362855
9570.74,5.0,4.39,1957.0,9.0,45.56,1678398.8432125961
3646.36,5.0,1.21,1943.0,2.0,23.02,617533.1930904023
8027.23,1.0,4.43,1919.0,5.0,33.38,1350379.7479666134
3238.47,1.0,2.09,1915.0,,17.94,685058.0637198478
974.07,5.0,3.51,1971.0,2.0,7.56,310069.30559375783
4604.48,5.0,3.37,2003.0,7.0,48.36,850506.6664034365
2981.98,5.0,3.18,2002.0,4.0,21.11,629638.233345796
3397.46,8.0,2.88,1955.0,9.0,16.01,855905.6543357854
7269.69,7.0,5.81,2016.0,7.0,7.46,1473767.4772663326
7973.0,6.0,3.72,1937.0,7.0,33.67,1437383.8453127695
7748.46,1.0,2.35,1913.0,2.0,28.49,1166062.8382750414
8710.98,1.0,3.58,2023.0,4.0,32.16,1419979.578019951
6468.27,1.0,4.12,,10.0,26.23,1265888.665096433
,8.0,5.63,1961.0,4.0,27.56,615728.1696427342
6972.54,2.0,4.18,2004.0,4.0,37.21,1142035.4766009601
5023.5,2.0,3.46,1950.0,2.0,40.77,784702.9808608736
3192.51,,2.51,2014.0,8.0,45.4,642893.3518498053
4945.12,,1.79,2010.0,6.0,26.49,902976.1640900924
2157.72,6.0,5.29,2000.0,5.0,3.88,662971.0680814952
5095.57,3.0,5.64,1967.0,6.0,29.25,981731.2915875893
8383.92,1.0,1.8,1913.0,8.0,11.96,1460733.541331923
9214.05,2.0,1.87,1996.0,2.0,12.9,1440117.7115797822
7624.38,6.0,5.2,1941.0,8.0,49.45,1378343.0494008712
2397.48,8.0,2.13,1955.0,4.0,1.7,616625.0954068931
1413.96,3.0,2.8,1969.0,6.0,36.63,380122.3679527668
6601.21,4.0,3.37,1979.0,3.0,22.22,1118157.3305144575
8802.78,3.0,2.49,1929.0,9.0,11.59,1608803.8192745834
9261.6,6.0,5.36,1909.0,4.0,46.62,1546333.6565589088
4292.59,2.0,5.68,,6.0,10.43,924024.3991017212
1064.22,6.0,4.32,1930.0,10.0,35.3,518036.9863881043
835.94,7.0,4.06,1970.0,3.0,2.57,370917.96840619517
5322.24,7.0,4.91,,,39.2,1051594.4083622266
6277.32,1.0,1.26,1989.0,7.0,6.22,1153800.413156036
6348.71,6.0,3.18,1929.0,1.0,37.5,1028634.8723443947
8035.22,1.0,2.25,1907.0,3.0,16.05,1319833.6098860404
8959.03,3.0,3.39,1909.0,9.0,35.41,1584183.4227798895
9027.58,8.0,5.71,1937.0,4.0,13.74,1641727.6186381942
5282.73,7.0,4.11,1926.0,9.0,37.22,1101809.3224603846
4037.7,3.0,2.18,1997.0,,41.9,760185.5537087437
6088.28,2.0,5.27,1902.0,7.0,11.61,1201119.2327179604
6769.29,5.0,4.81,2016.0,6.0,45.42,1207942.6104666095
6114.11,6.0,4.11,2000.0,1.0,27.89,1046646.6203438373
9358.49,8.0,4.6,1933.0,7.0,49.63,1659422.9338566852
9123.27,5.0,2.25,1943.0,1.0,18.4,1479022.884865563
7933.05,1.0,3.84,1933.0,8.0,22.28,1424648.1483138446
9675.91,4.0,3.9,2014.0,6.0,22.3,1669979.7287952472
7973.99,8.0,4.15,1979.0,4.0,2.41,1494069.2052965
8675.42,1.0,2.14,2026.0,,42.32,1425250.6344976253
5634.19,4.0,1.39,1965.0,4.0,18.88,964034.4649351913
4451.71,5.0,2.63,1942.0,6.0,48.69,804816.5996330936
2022.97,3.0,1.13,2003.0,9.0,35.79,482775.4178150896
4098.98,3.0,5.99,1909.0,4.0,49.89,730408.1723440222
7472.54,2.0,3.64,1960.0,9.0,13.82,1426397.7779391096
3284.12,4.0,5.89,1940.0,2.0,22.53,655694.4860202986
4394.3,2.0,4.27,1957.0,4.0,41.43,750951.5482223423
5607.35,7.0,4.33,2001.0,6.0,20.72,1100144.6578853012
1909.79,4.0,,1915.0,9.0,23.76,561382.3034904083
8759.86,1.0,5.95,2010.0,7.0,18.04,1578541.2627171162
5790.94,2.0,5.12,1977.0,1.0,46.08,920249.8208495817
9151.41,7.0,3.39,1923.0,10.0,46.86,1650314.826475705
9008.19,6.0,3.27,1922.0,10.0,38.76,1643635.7549149592
5186.29,7.0,2.92,2022.0,4.0,14.27,1002274.2552556613
3486.49,3.0,2.37,2013.0,5.0,37.8,650635.2991964521
6831.12,4.0,3.54,1976.0,9.0,10.16,1348558.5670141957
8312.78,5.0,3.86,1966.0,8.0,5.93,1585512.322886555
8525.07,7.0,1.43,1935.0,2.0,40.28,1350638.947645748
2613.2,3.0,2.38,1965.0,2.0,16.08,489139.1368473454
4617.09,6.0,3.79,1980.0,1.0,29.52,788106.995781742
2591.99,8.0,5.07,1936.0,2.0,42.93,534319.8498934746
530.38,4.0,1.19,1978.0,10.0,17.76,376181.47624789656
9566.18,4.0,4.34,1980.0,6.0,15.12,1670969.2705088342
9647.73,5.0,3.24,1954.0,8.0,33.2,1689354.045112203
4281.85,8.0,5.32,1987.0,5.0,11.15,949725.6877759123
4385.56,6.0,2.59,1956.0,5.0,13.78,901219.6994338727
3728.49,5.0,2.11,1968.0,2.0,30.86,611045.6964282434
,1.0,1.45,2016.0,9.0,2.94,626796.1722909262
5586.99,7.0,2.15,2016.0,7.0,36.8,1056306.6781259677
,2.0,4.96,1936.0,4.0,34.56,524002.8604385151
7624.2,7.0,1.66,1934.0,2.0,36.24,1222123.7460839052
,3.0,3.94,2006.0,5.0,21.55,550822.007099602
3370.46,2.0,4.28,1937.0,4.0,28.27,664576.3560416088
9122.82,4.0,5.97,2021.0,9.0,22.89,1682432.7914937562
736.47,8.0,3.82,1942.0,2.0,8.88,297248.41065069876
5153.21,3.0,5.19,2007.0,4.0,24.92,953621.7167508
7534.86,1.0,3.83,1900.0,4.0,39.84,1194778.1866347108
3473.65,6.0,3.41,1994.0,2.0,21.57,649219.0077430393
,2.0,3.19,1904.0,8.0,40.26,558645.3467094903
7615.44,,1.59,1992.0,5.0,30.95,1254923.010706568
6677.1,4.0,5.76,1977.0,8.0,16.84,1317783.820538949
9963.77,3.0,,1953.0,8.0,48.86,1623780.9340199365
2282.91,8.0,1.31,1920.0,9.0,,696723.3599242022
2330.09,7.0,2.53,1951.0,9.0,33.14,640446.51766938
1948.01,5.0,3.82,1966.0,7.0,38.71,500983.86204330926
3133.76,8.0,1.01,1927.0,10.0,8.66,861983.554940715
3571.71,1.0,5.04,1960.0,9.0,12.42,823245.2285051077
7852.24,6.0,3.61,2013.0,4.0,47.3,1275253.122436129
7257.8,8.0,4.94,1971.0,6.0,43.37,1316981.3789517814
7822.08,7.0,3.8,2020.0,6.0,,1473628.2097546675
4699.77,1.0,2.64,2017.0,1.0,2.16,794935.5917398405
5047.98,5.0,1.29,1903.0,8.0,31.8,958978.459132155
4997.76,2.0,1.14,1919.0,3.0,7.02,861684.8309477145
8535.13,1.0,5.29,2009.0,10.0,16.97,1581386.4086371432
9046.83,3.0,3.93,,7.0,33.55,1576630.969061099
2332.93,3.0,1.42,1935.0,9.0,31.95,551257.2323241115
9440.35,6.0,3.33,1911.0,8.0,45.94,1651591.937473822
1320.97,1.0,4.94,1947.0,4.0,34.2,314486.3801956656
8713.57,3.0,2.9,1935.0,6.0,41.85,1441336.7982873067
2392.63,5.0,2.32,1974.0,9.0,31.74,618621.0092034831
848.95,7.0,3.84,1955.0,5.0,35.13,335468.1284002597
8383.65,2.0,2.05,1933.0,2.0,31.74,1292968.341398013
4938.85,7.0,5.51,1913.0,1.0,24.04,928844.7879519864
9078.31,6.0,3.33,1902.0,10.0,29.01,1684264.317545522
4293.67,5.0,4.0,1951.0,4.0,45.09,774415.5563638277
4499.37,7.0,1.82,1938.0,9.0,48.64,894039.4645856916
1733.96,1.0,2.55,2002.0,7.0,0.54,521075.7582317421
8888.07,2.0,5.29,1992.0,9.0,19.03,1626774.615469111
3774.76,7.0,5.56,2006.0,4.0,5.24,893708.1064936622
7748.92,6.0,5.1,1954.0,9.0,24.67,1504725.6307403347
6071.08,3.0,2.85,,10.0,45.77,1103890.3734682293
1811.76,4.0,1.46,1923.0,5.0,33.93,386095.5662236618
2979.69,3.0,4.41,1959.0,6.0,5.52,703377.7251378768
,6.0,3.53,1901.0,7.0,3.2,713609.6532348308
7549.62,8.0,4.91,2008.0,6.0,9.35,1462803.6403104642
7716.3,2.0,2.69,1975.0,9.0,36.52,1349992.2485017783
961.16,2.0,3.3,1976.0,5.0,33.91,235100.88903581703
723.54,5.0,1.09,1981.0,2.0,2.31,241616.40521126386
2861.95,2.0,1.72,2014.0,8.0,12.58,619594.3101005657
8431.72,8.0,2.63,1977.0,2.0,49.02,1316539.457647714
9310.69,7.0,1.92,1992.0,2.0,21.96,1535529.7198421645
2320.61,5.0,3.7,1988.0,6.0,11.15,625428.5023797625
3110.47,3.0,4.36,2016.0,5.0,,700152.3634267745
4436.09,5.0,4.95,1912.0,1.0,11.44,815588.8578530618
7417.56,8.0,4.17,1949.0,,17.36,1438238.3296578703
4721.64,8.0,4.49,1932.0,10.0,31.75,1072741.9619136415
3780.34,6.0,4.75,,10.0,31.4,890475.5296621119
4446.23,5.0,3.45,2017.0,7.0,42.56,880805.4745265072
2573.9,5.0,1.8,1994.0,9.0,37.69,622175.4343586351
6192.86,6.0,4.32,1981.0,6.0,26.86,1171434.537392555
4337.68,5.0,3.25,1922.0,1.0,17.04,764935.287584918
2136.57,7.0,3.09,1924.0,10.0,30.68,648371.2421192133
1264.81,7.0,2.63,1972.0,2.0,1.62,361835.4769736356
8003.86,4.0,1.81,2011.0,8.0,46.11,1354741.339262191
3283.33,4.0,3.3,1956.0,3.0,25.26,607489.736280033
6238.06,3.0,4.61,1995.0,7.0,49.78,1083544.6998515762
1168.47,5.0,3.69,1977.0,9.0,22.21,478223.99560671067
1067.97,1.0,4.58,1983.0,2.0,42.43,216470.79790274284
6008.21,3.0,4.28,1931.0,4.0,16.84,1090924.1429190051
4853.3,4.0,2.71,1942.0,5.0,29.92,868867.315153258
1906.23,4.0,3.82,1939.0,3.0,15.58,459183.24172034237
